{
  "partner_id": "id",
  "partner_name": "name",
  "partner_city": "city",
  "area": "area",
  "costForTwo": "costForTwoMsg",
  "minDeliveryTime": "minDeliveryTime",
  "maxDeliveryTime": "maxDeliveryTime",
  "opened" : "opened",
  "restaurant-time-info": "restaurant-time-info",
  "Address": "Address",
  "menu[0].item_id": "Menu[0].id",
  "menu[0].item_Name": "Menu[0].name",
  "menu[0].description":  "Menu[0].description",
  "menu[0].quantity": "Menu[0].qty",
  "menu[0].price": "Menu[0].price",
  "menu[0].size": "Menu[0].size"
}